{
  "HTTP Request-1" : {
    "transaction" : "HTTP Request-1",
    "sampleCount" : 150,
    "errorCount" : 0,
    "errorPct" : 0.0,
    "meanResTime" : 583.7066666666666,
    "minResTime" : 291.0,
    "maxResTime" : 4415.0,
    "pct1ResTime" : 709.9000000000003,
    "pct2ResTime" : 1941.5999999999992,
    "pct3ResTime" : 3960.5900000000083,
    "throughput" : 2.4314335732347794,
    "receivedKBytesPerSec" : 114.08742219412565,
    "sentKBytesPerSec" : 0.28968251556117486
  },
  "Total" : {
    "transaction" : "Total",
    "sampleCount" : 450,
    "errorCount" : 0,
    "errorPct" : 0.0,
    "meanResTime" : 513.3888888888889,
    "minResTime" : 62.0,
    "maxResTime" : 4488.0,
    "pct1ResTime" : 653.2000000000006,
    "pct2ResTime" : 2277.349999999995,
    "pct3ResTime" : 3525.96,
    "throughput" : 7.273902852986341,
    "receivedKBytesPerSec" : 228.61649357471913,
    "sentKBytesPerSec" : 1.1554897761254344
  },
  "HTTP Request-0" : {
    "transaction" : "HTTP Request-0",
    "sampleCount" : 150,
    "errorCount" : 0,
    "errorPct" : 0.0,
    "meanResTime" : 186.19999999999996,
    "minResTime" : 62.0,
    "maxResTime" : 3116.0,
    "pct1ResTime" : 108.9,
    "pct2ResTime" : 168.89999999999998,
    "pct3ResTime" : 3101.21,
    "throughput" : 2.5683172385453052,
    "receivedKBytesPerSec" : 0.5718518851448531,
    "sentKBytesPerSec" : 0.30599092099856173
  },
  "HTTP Request" : {
    "transaction" : "HTTP Request",
    "sampleCount" : 150,
    "errorCount" : 0,
    "errorPct" : 0.0,
    "meanResTime" : 770.2600000000004,
    "minResTime" : 359.0,
    "maxResTime" : 4488.0,
    "pct1ResTime" : 1833.9000000000008,
    "pct2ResTime" : 3440.15,
    "pct3ResTime" : 4030.020000000008,
    "throughput" : 2.4246342843287803,
    "receivedKBytesPerSec" : 114.30824678735956,
    "sentKBytesPerSec" : 0.5777448880627172
  }
}